PLATFORM->DOMAIN	ops/verify-integrity.ts:37	capabilities/cap-02/link-store.ts	static
PLATFORM->REGISTRY	foundation/auth.ts:62	schemas/registry.ts	static
PLATFORM->REGISTRY	platform/renditions/routes.ts:27	schemas/registry.ts	static
TEST-PLATFORM->REGISTRY	foundation/actor.test.ts:7	schemas/registry.ts	static
TEST-PLATFORM->REGISTRY	foundation/auth.test.ts:9	schemas/registry.ts	static
TEST-PLATFORM->REGISTRY	foundation/server.test.ts:9	schemas/registry.ts	side-effect
TEST-PLATFORM->REGISTRY	schemas/generated-types.test.ts:22	schemas/registry.ts	dynamic
TEST-PLATFORM->REGISTRY	schemas/request-uuids.test.ts:10	schemas/registry.ts	static
TEST-PLATFORM->REGISTRY	schemas/schemas-compile.test.ts:11	schemas/registry.ts	static

# other internal edges, by direction (not boundary crossings from the platform side)
COMPOSITION_ROOT->COMPOSITION_ROOT_SCS	1
COMPOSITION_ROOT->DOMAIN_SCS	2
COMPOSITION_ROOT->PLATFORM	7
COMPOSITION_ROOT_SCS->DOMAIN_SCS	7
COMPOSITION_ROOT_SCS->PLATFORM	2
DOMAIN_SCS->DOMAIN_SCS	180
DOMAIN_SCS->MIXED_REGISTRY	26
DOMAIN_SCS->PLATFORM	196
MIXED_REGISTRY->DOMAIN_SCS	86
MIXED_REGISTRY->PLATFORM	12
PLATFORM->PLATFORM	69
TEST-DOMAIN_SCS->DOMAIN_SCS	4
TEST-DOMAIN_SCS->MIXED_REGISTRY	1
TEST-DOMAIN_SCS->PLATFORM	4
TEST-DOMAIN_SCS->TEST_INFRASTRUCTURE	1
TEST-PLATFORM->PLATFORM	41
TEST-PLATFORM->TEST_INFRASTRUCTURE	1
TEST-TEST_INFRASTRUCTURE->COMPOSITION_ROOT_SCS	28
TEST-TEST_INFRASTRUCTURE->DOMAIN_SCS	29
TEST-TEST_INFRASTRUCTURE->MIXED_REGISTRY	16
TEST-TEST_INFRASTRUCTURE->PLATFORM	155
TEST-TEST_INFRASTRUCTURE->TEST_INFRASTRUCTURE	65
TEST_INFRASTRUCTURE->DOMAIN_SCS	2
TEST_INFRASTRUCTURE->PLATFORM	4
