production	DOMAIN_WORD	foundation/receipts.ts:35	overallState
production	DOMAIN_WORD	foundation/receipts.ts:63	overallState
production	DOMAIN_WORD	foundation/receipts.ts:64	overallState
production	DOMAIN_WORD	foundation/receipts.ts:65	overallState
production	SCS_CAPABILITY_ID	foundation/errors.ts:19	SCS-CAP-01
production	SCS_CAPABILITY_ID	foundation/errors.ts:20	SCS-CAP-02
production	SCS_CAPABILITY_ID	foundation/errors.ts:21	SCS-CAP-03
production	SCS_CAPABILITY_ID	foundation/errors.ts:22	SCS-CAP-04
production	SCS_CAPABILITY_ID	foundation/errors.ts:23	SCS-CAP-05
production	SCS_CAPABILITY_ID	foundation/errors.ts:24	SCS-CAP-06
production	SCS_CAPABILITY_ID	foundation/errors.ts:25	SCS-CAP-08
production	SCS_CAPABILITY_ID	foundation/errors.ts:26	SCS-CAP-09
production	SCS_CAPABILITY_ID	foundation/errors.ts:48	SCS-CAP-01
production	SCS_CAPABILITY_ID	foundation/errors.ts:49	SCS-CAP-02
production	SCS_CAPABILITY_ID	foundation/errors.ts:50	SCS-CAP-03
production	SCS_CAPABILITY_ID	foundation/errors.ts:51	SCS-CAP-04
production	SCS_CAPABILITY_ID	foundation/errors.ts:52	SCS-CAP-05
production	SCS_CAPABILITY_ID	foundation/errors.ts:53	SCS-CAP-06
production	SCS_CAPABILITY_ID	foundation/errors.ts:54	SCS-CAP-08
production	SCS_CAPABILITY_ID	foundation/errors.ts:55	SCS-CAP-09
production	SCS_CAPABILITY_ID	ops/verify-integrity.ts:122	SCS-CAP-08
production	SCS_CAPABILITY_ID	ops/verify-integrity.ts:154	SCS-CAP-02
production	SCS_CAPABILITY_ID	ops/verify-integrity.ts:160	SCS-CAP-02
production	SCS_CAPABILITY_ID	reference/iso-3166-1-alpha-2.json:3	SCS-CAP-02
production	SCS_DB_NAME	foundation/db.ts:110	scs_schema_exists
production	SCS_DB_NAME	foundation/db.ts:151	scs_schema_exists
production	SCS_DB_NAME	migrations/cli.ts:55	scs_api
production	SCS_DB_NAME	migrations/runner.ts:104	scs_migration
production	SCS_DB_NAME	migrations/runner.ts:105	scs_migration
production	SCS_DB_NAME	migrations/runner.ts:106	scs_migration
production	SCS_DB_NAME	migrations/runner.ts:118	scs_migration
production	SCS_DB_NAME	migrations/runner.ts:134	scs_api
production	SCS_DB_NAME	migrations/runner.ts:137	scs_api
production	SCS_DB_NAME	migrations/runner.ts:138	scs_api
production	SCS_DB_NAME	migrations/runner.ts:151	scs_migration
production	SCS_DB_NAME	migrations/runner.ts:174	scs_migration
production	SCS_DB_NAME	migrations/runner.ts:194	scs_migration
production	SCS_DB_NAME	migrations/runner.ts:228	scs_api
production	SCS_DB_NAME	ops/verify-integrity.ts:97	scs_migration
production	SCS_DB_NAME	ops/verify-integrity.ts:191	scs_migration
production	SCS_ENV	foundation/db.ts:63	SCS_DB_HOST
production	SCS_ENV	foundation/db.ts:64	SCS_DB_PORT
production	SCS_ENV	foundation/db.ts:65	SCS_DB_NAME
production	SCS_ENV	foundation/db.ts:66	SCS_DB_USER
production	SCS_ENV	foundation/db.ts:67	SCS_DB_PASSWORD
production	SCS_ENV	foundation/db.ts:68	SCS_DB_POOL_MAX
production	SCS_ENV	foundation/db.ts:69	SCS_DB_IDLE_TIMEOUT_MS
production	SCS_ENV	foundation/db.ts:70	SCS_DB_CONNECTION_TIMEOUT_MS
production	SCS_ENV	foundation/db.ts:71	SCS_DB_STATEMENT_TIMEOUT_MS
production	SCS_ENV	migrations/cli.ts:35	SCS_MIGRATE_DB_PASSWORD
production	SCS_ENV	migrations/cli.ts:36	SCS_API_DB_PASSWORD
production	SCS_ENV	migrations/cli.ts:40	SCS_MIGRATIONS_DIR
production	SCS_ENV	migrations/cli.ts:42	SCS_MIGRATE_DB_HOST
production	SCS_ENV	migrations/cli.ts:43	SCS_MIGRATE_DB_PORT
production	SCS_ENV	migrations/cli.ts:44	SCS_MIGRATE_DB_NAME
production	SCS_ENV	migrations/cli.ts:45	SCS_MIGRATE_DB_USER
production	SCS_ENV	migrations/runner.ts:211	SCS_API_DB_PASSWORD
production	SCS_ENV	migrations/runner.ts:212	SCS_API_DB_PASSWORD
production	SCS_ENV	migrations/runner.ts:213	SCS_API_DB_PASSWORD
production	SCS_ENV	migrations/runner.ts:214	SCS_API_DB_PASSWORD
production	SCS_ENV	ops/verify-integrity.ts:82	SCS_VERIFY_DB_HOST
production	SCS_ENV	ops/verify-integrity.ts:83	SCS_VERIFY_DB_PORT
production	SCS_ENV	ops/verify-integrity.ts:84	SCS_VERIFY_DB_NAME
production	SCS_ENV	ops/verify-integrity.ts:85	SCS_VERIFY_DB_USER
production	SCS_ENV	ops/verify-integrity.ts:86	SCS_VERIFY_DB_PASSWORD
production	SCS_ENV	ops/verify-integrity.ts:95	SCS_MIGRATIONS_DIR
production	SCS_PILOT_SCOPE	foundation/auth.ts:137	SCS-PILOT
production	SCS_PLATFORM_ID	foundation/auth.ts:211	SCS-PLATFORM
production	SCS_PLATFORM_ID	foundation/auth.ts:211	SCS-PLATFORM
production	SCS_PLATFORM_ID	foundation/auth.ts:271	SCS-PLATFORM
production	SCS_PLATFORM_ID	foundation/auth.ts:271	SCS-PLATFORM
production	SCS_PLATFORM_ID	foundation/errors.ts:39	SCS-PLATFORM
production	SCS_PLATFORM_ID	foundation/errors.ts:58	SCS-PLATFORM
production	SCS_PLATFORM_ID	foundation/errors.ts:137	SCS-PLATFORM
production	SCS_PLATFORM_ID	foundation/errors.ts:138	SCS-PLATFORM
production	SCS_PLATFORM_ID	foundation/errors.ts:176	SCS-PLATFORM
production	SCS_PLATFORM_ID	foundation/receipts.ts:28	SCS-PLATFORM
production	SCS_PLATFORM_ID	foundation/server.ts:172	SCS-PLATFORM
production	SCS_PLATFORM_ID	foundation/server.ts:302	SCS-PLATFORM
production	SCS_PLATFORM_ID	platform/evidence-objects/routes.ts:70	SCS-PLATFORM
production	SCS_PLATFORM_ID	platform/evidence-objects/store.ts:9	SCS-PLATFORM
production	SCS_PLATFORM_ID	platform/renditions/renderer.ts:56	SCS-PLATFORM-02
production	SCS_PLATFORM_ID	platform/renditions/renderer.ts:149	SCS-PLATFORM-02
production	SCS_PLATFORM_ID	platform/renditions/renderer.ts:149	SCS-PLATFORM-02
production	SCS_PLATFORM_ID	platform/renditions/rendition.ts:34	SCS-PLATFORM
production	SCS_PLATFORM_ID	platform/renditions/routes.ts:42	SCS-PLATFORM
production	SCS_PLATFORM_ID	platform/renditions/routes.ts:93	SCS-PLATFORM
production	SCS_ROUTE	platform/evidence-objects/routes.ts:69	/scs/v1/evidence-objects
production	SCS_ROUTE	platform/renditions/routes.ts:92	/scs/v1/renditions/:renditionId
production	SCS_ROUTE	schemas/platform/rendition-params.schema.json:5	/scs/v1/renditions/:renditionId
production	SCS_SCHEMA_NAME	foundation/db.ts:110	'scs'
production	SCS_SCHEMA_NAME	foundation/db.ts:112	'scs'
production	SCS_SCHEMA_NAME	foundation/db.ts:114	'scs'
production	SCS_SCHEMA_NAME	foundation/db.ts:117	'scs'
production	SCS_SCHEMA_NAME	foundation/server.ts:392	"scs"
production	SCS_SCHEMA_NAME	migrations/runner.ts:169	'scs'
production	SCS_SCHEMA_NAME	ops/verify-integrity.ts:191	'scs'
production	SCS_SCHEMA_URN	schemas/platform/actor-subject-link-actor.schema.json:3	urn:aab:scs:schema:platform:actor-subject-link-actor:1
production	SCS_SCHEMA_URN	schemas/platform/actor-subject-link-statement-v2.schema.json:3	urn:aab:scs:schema:platform:actor-subject-link-statement:2
production	SCS_SCHEMA_URN	schemas/platform/actor-subject-link-statement-v2.schema.json:25	urn:aab:scs:schema:platform:actor-subject-link-actor:1
production	SCS_SCHEMA_URN	schemas/platform/actor-subject-link-statement-v2.schema.json:28	urn:aab:scs:schema:platform:subject-key:1
production	SCS_SCHEMA_URN	schemas/platform/actor-subject-link-statement-v2.schema.json:78	urn:aab:scs:schema:platform:actor-subject-link-actor:1
production	SCS_SCHEMA_URN	schemas/platform/actor-subject-link-statement.schema.json:3	urn:aab:scs:schema:platform:actor-subject-link-statement:1
production	SCS_SCHEMA_URN	schemas/platform/actor-subject-link-statement.schema.json:23	urn:aab:scs:schema:platform:actor-subject-link-actor:1
production	SCS_SCHEMA_URN	schemas/platform/actor-subject-link-statement.schema.json:26	urn:aab:scs:schema:platform:subject-key:1
production	SCS_SCHEMA_URN	schemas/platform/actor-subject-link-statement.schema.json:76	urn:aab:scs:schema:platform:actor-subject-link-actor:1
production	SCS_SCHEMA_URN	schemas/platform/actor-subject-link-status-record.schema.json:3	urn:aab:scs:schema:platform:actor-subject-link-status-record:1
production	SCS_SCHEMA_URN	schemas/platform/actor-subject-link-status-record.schema.json:36	urn:aab:scs:schema:platform:actor-subject-link-status-statement:2
production	SCS_SCHEMA_URN	schemas/platform/actor-subject-link-status-record.schema.json:39	urn:aab:scs:schema:platform:actor-subject-link-status-statement:1
production	SCS_SCHEMA_URN	schemas/platform/actor-subject-link-status-record.schema.json:60	urn:aab:scs:schema:shared:actor-reference:1
production	SCS_SCHEMA_URN	schemas/platform/actor-subject-link-status-statement-v2.schema.json:3	urn:aab:scs:schema:platform:actor-subject-link-status-statement:2
production	SCS_SCHEMA_URN	schemas/platform/actor-subject-link-status-statement-v2.schema.json:45	urn:aab:scs:schema:platform:actor-subject-link-actor:1
production	SCS_SCHEMA_URN	schemas/platform/actor-subject-link-status-statement.schema.json:3	urn:aab:scs:schema:platform:actor-subject-link-status-statement:1
production	SCS_SCHEMA_URN	schemas/platform/actor-subject-link-status-statement.schema.json:43	urn:aab:scs:schema:platform:actor-subject-link-actor:1
production	SCS_SCHEMA_URN	schemas/platform/actor-subject-link.schema.json:3	urn:aab:scs:schema:platform:actor-subject-link:1
production	SCS_SCHEMA_URN	schemas/platform/actor-subject-link.schema.json:33	urn:aab:scs:schema:platform:actor-subject-link-actor:1
production	SCS_SCHEMA_URN	schemas/platform/actor-subject-link.schema.json:36	urn:aab:scs:schema:platform:subject-key:1
production	SCS_SCHEMA_URN	schemas/platform/actor-subject-link.schema.json:90	urn:aab:scs:schema:shared:actor-reference:1
production	SCS_SCHEMA_URN	schemas/platform/actor-subject-link.schema.json:97	urn:aab:scs:schema:platform:actor-subject-link-statement:2
production	SCS_SCHEMA_URN	schemas/platform/actor-subject-link.schema.json:100	urn:aab:scs:schema:platform:actor-subject-link-statement:1
production	SCS_SCHEMA_URN	schemas/platform/evidence-object.schema.json:3	urn:aab:scs:schema:platform:evidence-object:1
production	SCS_SCHEMA_URN	schemas/platform/evidence-object.schema.json:69	urn:aab:scs:schema:shared:actor-reference:1
production	SCS_SCHEMA_URN	schemas/platform/key-assessment-decision.schema.json:81	urn:aab:scs:schema:shared:actor-reference:1
production	SCS_SCHEMA_URN	schemas/platform/key-assessment-receipt.schema.json:69	urn:aab:scs:schema:shared:actor-reference:1
production	SCS_SCHEMA_URN	schemas/platform/key-bootstrap-decision.schema.json:106	urn:aab:scs:schema:shared:actor-reference:1
production	SCS_SCHEMA_URN	schemas/platform/key-bootstrap-receipt.schema.json:69	urn:aab:scs:schema:shared:actor-reference:1
production	SCS_SCHEMA_URN	schemas/platform/key-challenge-decision.schema.json:75	urn:aab:scs:schema:shared:actor-reference:1
production	SCS_SCHEMA_URN	schemas/platform/key-challenge-receipt.schema.json:69	urn:aab:scs:schema:shared:actor-reference:1
production	SCS_SCHEMA_URN	schemas/platform/key-compromise-decision.schema.json:74	urn:aab:scs:schema:shared:actor-reference:1
production	SCS_SCHEMA_URN	schemas/platform/key-compromise-receipt.schema.json:69	urn:aab:scs:schema:shared:actor-reference:1
production	SCS_SCHEMA_URN	schemas/platform/key-event-decision.schema.json:76	urn:aab:scs:schema:shared:actor-reference:1
production	SCS_SCHEMA_URN	schemas/platform/key-event-receipt.schema.json:69	urn:aab:scs:schema:shared:actor-reference:1
production	SCS_SCHEMA_URN	schemas/platform/key-notice-decision.schema.json:72	urn:aab:scs:schema:shared:actor-reference:1
production	SCS_SCHEMA_URN	schemas/platform/key-notice-receipt.schema.json:69	urn:aab:scs:schema:shared:actor-reference:1
production	SCS_SCHEMA_URN	schemas/platform/key-registration-decision.schema.json:70	urn:aab:scs:schema:shared:actor-reference:1
production	SCS_SCHEMA_URN	schemas/platform/key-registration-receipt.schema.json:69	urn:aab:scs:schema:shared:actor-reference:1
production	SCS_SCHEMA_URN	schemas/platform/rendition-params.schema.json:3	urn:aab:scs:schema:platform:rendition-params:1
production	SCS_SCHEMA_URN	schemas/platform/subject-key.schema.json:3	urn:aab:scs:schema:platform:subject-key:1
production	SCS_SCHEMA_URN	schemas/shared/actor-reference-v1.schema.json:3	urn:aab:scs:schema:shared:actor-reference-v1:1
production	SCS_SCHEMA_URN	schemas/shared/actor-reference-v2.schema.json:3	urn:aab:scs:schema:shared:actor-reference-v2:1
production	SCS_SCHEMA_URN	schemas/shared/actor-reference.schema.json:3	urn:aab:scs:schema:shared:actor-reference:1
production	SCS_SCHEMA_URN	schemas/shared/actor-reference.schema.json:7	urn:aab:scs:schema:shared:actor-reference-v1:1
production	SCS_SCHEMA_URN	schemas/shared/actor-reference.schema.json:8	urn:aab:scs:schema:shared:actor-reference-v2:1
production	SCS_TABLE	foundation/idempotency.ts:77	scs.idempotency_record
production	SCS_TABLE	foundation/idempotency.ts:114	scs.idempotency_record
production	SCS_TABLE	foundation/receipts.ts:101	scs.decision_receipt
production	SCS_TABLE	ops/verify-integrity.ts:111	scs.decision_receipt
production	SCS_TABLE	ops/verify-integrity.ts:121	scs.decision_receipt
production	SCS_TABLE	ops/verify-integrity.ts:123	scs.due_diligence_package
production	SCS_TABLE	ops/verify-integrity.ts:133	scs.evidence_object
production	SCS_TABLE	ops/verify-integrity.ts:142	scs.rendition
production	SCS_TABLE	ops/verify-integrity.ts:153	scs.decision_receipt
production	SCS_TABLE	ops/verify-integrity.ts:155	scs.actor_party_link
production	SCS_TABLE	ops/verify-integrity.ts:159	scs.decision_receipt
production	SCS_TABLE	ops/verify-integrity.ts:161	scs.actor_party_link_status
production	SCS_TABLE	platform/evidence-objects/store.ts:27	scs.evidence_object
production	SCS_TABLE	platform/evidence-objects/store.ts:43	scs.evidence_object
production	SCS_TABLE	platform/key-registry/compromise-store.ts:41	scs.signing_key_compromise
production	SCS_TABLE	platform/key-registry/compromise-store.ts:55	scs.signing_key_compromise_evidence
production	SCS_TABLE	platform/key-registry/compromise-store.ts:79	scs.key_compromise_notice
production	SCS_TABLE	platform/key-registry/compromise-store.ts:116	scs.key_compromise_assessment
production	SCS_TABLE	platform/key-registry/compromise-store.ts:132	scs.key_compromise_assessment
production	SCS_TABLE	platform/key-registry/compromise-store.ts:139	scs.signing_key_compromise
production	SCS_TABLE	platform/key-registry/compromise-store.ts:148	scs.key_compromise_notice
production	SCS_TABLE	platform/key-registry/compromise-store.ts:184	scs.signing_key_registration
production	SCS_TABLE	platform/key-registry/compromise-store.ts:188	scs.signing_key_event
production	SCS_TABLE	platform/key-registry/compromise-store.ts:192	scs.signing_key_compromise
production	SCS_TABLE	platform/key-registry/compromise-store.ts:196	scs.key_compromise_assessment
production	SCS_TABLE	platform/key-registry/compromise-store.ts:200	scs.key_bootstrap_ceremony
production	SCS_TABLE	platform/key-registry/compromise-store.ts:207	scs.actor_party_link
production	SCS_TABLE	platform/key-registry/compromise-store.ts:211	scs.actor_party_link_status
production	SCS_TABLE	platform/key-registry/integrity.ts:73	scs.decision_receipt
production	SCS_TABLE	platform/key-registry/integrity.ts:83	scs.signing_key_registration
production	SCS_TABLE	platform/key-registry/integrity.ts:122	scs.signing_key_event
production	SCS_TABLE	platform/key-registry/integrity.ts:147	scs.signing_key_compromise_evidence
production	SCS_TABLE	platform/key-registry/integrity.ts:148	scs.signing_key_compromise
production	SCS_TABLE	platform/key-registry/integrity.ts:179	scs.key_bootstrap_ceremony
production	SCS_TABLE	platform/key-registry/integrity.ts:179	scs.signing_key_registration
production	SCS_TABLE	platform/key-registry/integrity.ts:212	scs.key_verification_evidence
production	SCS_TABLE	platform/key-registry/integrity.ts:220	scs.key_compromise_notice
production	SCS_TABLE	platform/key-registry/integrity.ts:241	scs.key_compromise_assessment
production	SCS_TABLE	platform/key-registry/store.ts:88	scs.signing_key_registration
production	SCS_TABLE	platform/key-registry/store.ts:89	scs.signing_key_registration
production	SCS_TABLE	platform/key-registry/store.ts:96	scs.signing_key_event
production	SCS_TABLE	platform/key-registry/store.ts:103	scs.signing_key_compromise
production	SCS_TABLE	platform/key-registry/store.ts:140	scs.key_verification_evidence
production	SCS_TABLE	platform/key-registry/store.ts:149	scs.key_compromise_notice
production	SCS_TABLE	platform/key-registry/store.ts:162	scs.key_compromise_assessment
production	SCS_TABLE	platform/key-registry/store.ts:173	scs.pinned_attestation_key
production	SCS_TABLE	platform/key-registry/write-store.ts:48	scs.key_registry_started
production	SCS_TABLE	platform/key-registry/write-store.ts:70	scs.key_registration_challenge
production	SCS_TABLE	platform/key-registry/write-store.ts:84	scs.signing_key_registration
production	SCS_TABLE	platform/key-registry/write-store.ts:85	scs.key_registration_challenge
production	SCS_TABLE	platform/key-registry/write-store.ts:125	scs.signing_key_registration
production	SCS_TABLE	platform/key-registry/write-store.ts:132	scs.signing_key_registration
production	SCS_TABLE	platform/key-registry/write-store.ts:178	scs.key_bootstrap_ceremony
production	SCS_TABLE	platform/key-registry/write-store.ts:198	scs.pinned_attestation_key
production	SCS_TABLE	platform/key-registry/write-store.ts:215	scs.key_verification_evidence
production	SCS_TABLE	platform/key-registry/write-store.ts:249	scs.signing_key_event
production	SCS_TABLE	platform/renditions/rendition.ts:50	scs.rendition
production	SCS_TABLE	platform/renditions/routes.ts:44	scs.rendition
production	SCS_TYPE_NAME	foundation/db-errors.ts:18	ScsFailure
production	SCS_TYPE_NAME	foundation/db-errors.ts:34	ScsFailure
production	SCS_TYPE_NAME	foundation/db-errors.ts:39	ScsFailure
production	SCS_TYPE_NAME	foundation/db-errors.ts:49	ScsFailure
production	SCS_TYPE_NAME	foundation/errors.ts:106	ScsFailure
production	SCS_TYPE_NAME	foundation/errors.ts:121	ScsFailure
production	SCS_TYPE_NAME	foundation/errors.ts:124	ScsFailure
production	SCS_TYPE_NAME	foundation/errors.ts:127	ScsFailure
production	SCS_TYPE_NAME	foundation/errors.ts:137	ScsFailure
production	SCS_TYPE_NAME	foundation/errors.ts:138	ScsFailure
production	SCS_TYPE_NAME	foundation/errors.ts:149	ScsFailure
production	SCS_TYPE_NAME	foundation/errors.ts:150	ScsFailure
production	SCS_TYPE_NAME	foundation/errors.ts:155	ScsFailure
production	SCS_TYPE_NAME	foundation/errors.ts:176	ScsFailure
production	SCS_TYPE_NAME	foundation/errors.ts:177	ScsFailure
production	SCS_TYPE_NAME	foundation/errors.ts:178	ScsFailure
production	SCS_TYPE_NAME	foundation/receipts.ts:24	ScsFailure
production	SCS_TYPE_NAME	foundation/receipts.ts:91	ScsFailure
production	SCS_TYPE_NAME	foundation/server.ts:52	ScsFailure
production	SCS_TYPE_NAME	foundation/server.ts:390	ScsFailure
production	SCS_TYPE_NAME	foundation/validation.ts:23	ScsFailure
production	SCS_TYPE_NAME	foundation/validation.ts:37	ScsFailure
production	SCS_TYPE_NAME	foundation/validation.ts:103	ScsFailure
production	SCS_TYPE_NAME	platform/evidence-objects/routes.ts:29	ScsEvidenceObject
production	SCS_TYPE_NAME	platform/evidence-objects/routes.ts:38	ScsEvidenceObject
production	SCS_TYPE_NAME	platform/evidence-objects/routes.ts:44	ScsEvidenceObject
production	SCS_TYPE_NAME	platform/key-registry/errors.ts:10	ScsFailure
production	SCS_TYPE_NAME	platform/key-registry/errors.ts:47	ScsFailure
production	SCS_TYPE_NAME	platform/key-registry/errors.ts:48	ScsFailure
production	SCS_TYPE_NAME	platform/renditions/routes.ts:23	ScsFailure
production	SCS_TYPE_NAME	platform/renditions/routes.ts:61	ScsFailure
production	SCS_TYPE_NAME	schemas/platform/evidence-object.schema.json:4	ScsEvidenceObject
production	SCS_TYPE_NAME	schemas/platform/evidence-object.schema.json:5	ScsEvidenceObject
production	SCS_TYPE_NAME	schemas/platform/evidence-object.schema.json:29	ScsEvidenceObjectDigest
production	SCS_TYPE_NAME	schemas/platform/rendition-params.schema.json:4	ScsRenditionPathParams
production	SCS_TYPE_NAME	types/platform.ts:25	ScsEvidenceObject
production	SCS_TYPE_NAME	types/platform.ts:34	ScsEvidenceObjectDigest
production	SCS_TYPE_NAME	types/platform.ts:44	ScsEvidenceObjectDigest
production	SCS_TYPE_NAME	types/platform.ts:52	ScsRenditionPathParams
test	DOMAIN_WORD	foundation/actor.test.ts:37	REGULATORY_REVIEWER
test	DOMAIN_WORD	foundation/actor.test.ts:47	REGULATORY_REVIEWER
test	SCS_CAPABILITY_ID	foundation/db-errors.test.ts:12	SCS-CAP-01
test	SCS_CAPABILITY_ID	foundation/db-errors.test.ts:16	SCS-CAP-01
test	SCS_CAPABILITY_ID	foundation/db-errors.test.ts:24	SCS-CAP-02
test	SCS_CAPABILITY_ID	foundation/db-errors.test.ts:37	SCS-CAP-01
test	SCS_CAPABILITY_ID	foundation/db-errors.test.ts:38	SCS-CAP-01
test	SCS_CAPABILITY_ID	foundation/db-errors.test.ts:40	SCS-CAP-01
test	SCS_CAPABILITY_ID	foundation/db-errors.test.ts:41	SCS-CAP-01
test	SCS_CAPABILITY_ID	foundation/errors.test.ts:7	SCS-CAP-01
test	SCS_CAPABILITY_ID	foundation/errors.test.ts:10	SCS-CAP-01
test	SCS_CAPABILITY_ID	foundation/errors.test.ts:21	SCS-CAP-06
test	SCS_CAPABILITY_ID	foundation/errors.test.ts:21	SCS-CAP-08
test	SCS_CAPABILITY_ID	foundation/errors.test.ts:21	SCS-CAP-09
test	SCS_CAPABILITY_ID	foundation/errors.test.ts:24	SCS-CAP-06
test	SCS_CAPABILITY_ID	foundation/errors.test.ts:27	SCS-CAP-08
test	SCS_CAPABILITY_ID	foundation/errors.test.ts:40	SCS-CAP-01
test	SCS_CAPABILITY_ID	foundation/errors.test.ts:41	SCS-CAP-01
test	SCS_CAPABILITY_ID	foundation/errors.test.ts:42	SCS-CAP-01
test	SCS_CAPABILITY_ID	foundation/errors.test.ts:43	SCS-CAP-01
test	SCS_CAPABILITY_ID	foundation/errors.test.ts:47	SCS-CAP-02
test	SCS_CAPABILITY_ID	foundation/errors.test.ts:50	SCS-CAP-02
test	SCS_CAPABILITY_ID	foundation/server.test.ts:54	SCS-CAP-01
test	SCS_CAPABILITY_ID	foundation/server.test.ts:58	SCS-CAP-02
test	SCS_CAPABILITY_ID	foundation/server.test.ts:70	SCS-CAP-01
test	SCS_CAPABILITY_ID	foundation/server.test.ts:72	SCS-CAP-02
test	SCS_CAPABILITY_ID	foundation/server.test.ts:73	SCS-CAP-02
test	SCS_CAPABILITY_ID	foundation/server.test.ts:75	SCS-CAP-02
test	SCS_CAPABILITY_ID	foundation/server.test.ts:76	SCS-CAP-01
test	SCS_CAPABILITY_ID	foundation/server.test.ts:180	SCS-CAP-01
test	SCS_CAPABILITY_ID	foundation/server.test.ts:223	SCS-CAP-02
test	SCS_CAPABILITY_ID	foundation/server.test.ts:309	SCS-CAP-01
test	SCS_CAPABILITY_ID	foundation/validation.test.ts:26	SCS-CAP-01
test	SCS_CAPABILITY_ID	foundation/validation.test.ts:26	SCS-CAP-01
test	SCS_CAPABILITY_ID	foundation/validation.test.ts:33	SCS-CAP-01
test	SCS_CAPABILITY_ID	foundation/validation.test.ts:33	SCS-CAP-01
test	SCS_CAPABILITY_ID	foundation/validation.test.ts:46	SCS-CAP-01
test	SCS_CAPABILITY_ID	foundation/validation.test.ts:63	SCS-CAP-01
test	SCS_CAPABILITY_ID	foundation/validation.test.ts:71	SCS-CAP-01
test	SCS_CAPABILITY_ID	foundation/validation.test.ts:80	SCS-CAP-01
test	SCS_CAPABILITY_ID	foundation/validation.test.ts:81	SCS-CAP-01
test	SCS_CAPABILITY_ID	foundation/validation.test.ts:86	SCS-CAP-01
test	SCS_CAPABILITY_ID	foundation/validation.test.ts:90	SCS-CAP-01
test	SCS_CAPABILITY_ID	schemas/schemas-compile.test.ts:17	SCS-CAP-01
test	SCS_DB_NAME	foundation/db.test.ts:8	scs_pilot
test	SCS_DB_NAME	foundation/db.test.ts:9	scs_api
test	SCS_DB_NAME	foundation/db.test.ts:17	scs_pilot
test	SCS_DB_NAME	foundation/db.test.ts:18	scs_api
test	SCS_DB_NAME	foundation/db.test.ts:47	scs_api
test	SCS_DB_NAME	foundation/db.test.ts:48	scs_api
test	SCS_DB_NAME	foundation/db.test.ts:84	scs_owner
test	SCS_DB_NAME	foundation/db.test.ts:84	scs_owner
test	SCS_DB_NAME	foundation/db.test.ts:90	scs_api
test	SCS_DB_NAME	migrations/runner.test.ts:38	scs_runner_
test	SCS_DB_NAME	migrations/runner.test.ts:74	scs_migration
test	SCS_DB_NAME	migrations/runner.test.ts:200	scs_runner_role_
test	SCS_DB_NAME	migrations/runner.test.ts:203	scs_api
test	SCS_DB_NAME	migrations/runner.test.ts:214	scs_migration
test	SCS_DB_NAME	migrations/runner.test.ts:277	scs_api
test	SCS_DB_NAME	migrations/runner.test.ts:285	scs_api
test	SCS_DB_NAME	migrations/runner.test.ts:288	scs_test_pwd_
test	SCS_DB_NAME	migrations/runner.test.ts:290	scs_api
test	SCS_DB_NAME	migrations/runner.test.ts:307	scs_api
test	SCS_DB_NAME	migrations/runner.test.ts:307	scs_api
test	SCS_ENV	foundation/db.test.ts:7	SCS_DB_HOST
test	SCS_ENV	foundation/db.test.ts:8	SCS_DB_NAME
test	SCS_ENV	foundation/db.test.ts:9	SCS_DB_USER
test	SCS_ENV	foundation/db.test.ts:10	SCS_DB_PASSWORD
test	SCS_ENV	foundation/db.test.ts:29	SCS_DB_HOST
test	SCS_ENV	foundation/db.test.ts:29	SCS_DB_POOL_MAX
test	SCS_ENV	foundation/db.test.ts:29	SCS_DB_PORT
test	SCS_ENV	foundation/db.test.ts:32	SCS_DB_HOST
test	SCS_ENV	foundation/db.test.ts:33	SCS_DB_NAME
test	SCS_ENV	foundation/db.test.ts:34	SCS_DB_USER
test	SCS_ENV	foundation/db.test.ts:35	SCS_DB_PASSWORD
test	SCS_ENV	foundation/db.test.ts:36	SCS_DB_PORT
test	SCS_ENV	foundation/db.test.ts:37	SCS_DB_POOL_MAX
test	SCS_ENV	migrations/runner.test.ts:278	SCS_API_DB_PASSWORD
test	SCS_ENV	migrations/runner.test.ts:279	SCS_API_DB_PASSWORD
test	SCS_ENV	migrations/runner.test.ts:280	SCS_API_DB_PASSWORD
test	SCS_ENV	migrations/runner.test.ts:281	SCS_API_DB_PASSWORD
test	SCS_PILOT_SCOPE	foundation/actor.test.ts:21	SCS-PILOT
test	SCS_PILOT_SCOPE	foundation/actor.test.ts:109	SCS-PILOT
test	SCS_PILOT_SCOPE	foundation/auth.test.ts:41	SCS-PILOT
test	SCS_PILOT_SCOPE	foundation/auth.test.ts:52	SCS-PILOT
test	SCS_PILOT_SCOPE	foundation/auth.test.ts:108	SCS-PILOT
test	SCS_PILOT_SCOPE	foundation/auth.test.ts:170	SCS-PILOT
test	SCS_PILOT_SCOPE	platform/actor-subject-links/links.test.ts:26	SCS-PILOT
test	SCS_PLATFORM_ID	foundation/actor.test.ts:26	SCS-PLATFORM
test	SCS_PLATFORM_ID	foundation/auth.test.ts:63	SCS-PLATFORM
test	SCS_PLATFORM_ID	foundation/errors.test.ts:59	SCS-PLATFORM
test	SCS_PLATFORM_ID	foundation/server.test.ts:63	SCS-PLATFORM
test	SCS_PLATFORM_ID	foundation/server.test.ts:120	SCS-PLATFORM
test	SCS_PLATFORM_ID	foundation/server.test.ts:125	SCS-PLATFORM
test	SCS_PLATFORM_ID	foundation/server.test.ts:266	SCS-PLATFORM
test	SCS_PLATFORM_ID	schemas/generated-types.test.ts:26	SCS-PLATFORM
test	SCS_SCHEMA_URN	foundation/server.test.ts:27	urn:aab:scs:schema:test:server-echo:1
test	SCS_SCHEMA_URN	foundation/server.test.ts:35	urn:aab:scs:schema:test:server-thing-params:1
test	SCS_TABLE	migrations/runner.test.ts:76	scs.runner_probe
test	SCS_TABLE	migrations/runner.test.ts:107	scs.runner_probe
test	SCS_TABLE	migrations/runner.test.ts:122	scs.runner_probe
test	SCS_TABLE	migrations/runner.test.ts:159	scs.runner_probe
test	SCS_TABLE	migrations/runner.test.ts:192	scs.x
test	SCS_TABLE	migrations/runner.test.ts:193	scs.y
test	SCS_TYPE_NAME	foundation/auth.test.ts:6	ScsFailure
test	SCS_TYPE_NAME	foundation/auth.test.ts:29	ScsFailure
test	SCS_TYPE_NAME	foundation/auth.test.ts:81	ScsFailure
test	SCS_TYPE_NAME	foundation/auth.test.ts:88	ScsFailure
test	SCS_TYPE_NAME	foundation/db-errors.test.ts:5	ScsFailure
test	SCS_TYPE_NAME	foundation/db-errors.test.ts:13	ScsFailure
test	SCS_TYPE_NAME	foundation/db-errors.test.ts:26	ScsFailure
test	SCS_TYPE_NAME	foundation/db-errors.test.ts:36	ScsFailures
test	SCS_TYPE_NAME	foundation/db-errors.test.ts:37	ScsFailure
test	SCS_TYPE_NAME	foundation/errors.test.ts:4	ScsFailure
test	SCS_TYPE_NAME	foundation/errors.test.ts:7	ScsFailure
test	SCS_TYPE_NAME	foundation/errors.test.ts:24	ScsFailure
test	SCS_TYPE_NAME	foundation/errors.test.ts:39	ScsFailure
test	SCS_TYPE_NAME	foundation/errors.test.ts:40	ScsFailure
test	SCS_TYPE_NAME	foundation/errors.test.ts:41	ScsFailure
test	SCS_TYPE_NAME	foundation/errors.test.ts:42	ScsFailure
test	SCS_TYPE_NAME	foundation/errors.test.ts:43	ScsFailure
test	SCS_TYPE_NAME	foundation/errors.test.ts:54	ScsFailure
test	SCS_TYPE_NAME	foundation/server.test.ts:11	ScsFailure
test	SCS_TYPE_NAME	foundation/server.test.ts:73	ScsFailure
test	SCS_TYPE_NAME	foundation/server.test.ts:191	ScsFailure

# counts
production DOMAIN_WORD	4
production SCS_CAPABILITY_ID	20
production SCS_DB_NAME	16
production SCS_ENV	26
production SCS_PILOT_SCOPE	1
production SCS_PLATFORM_ID	20
production SCS_ROUTE	3
production SCS_SCHEMA_NAME	7
production SCS_SCHEMA_URN	46
production SCS_TABLE	58
production SCS_TYPE_NAME	39
test DOMAIN_WORD	2
test SCS_CAPABILITY_ID	42
test SCS_DB_NAME	20
test SCS_ENV	17
test SCS_PILOT_SCOPE	7
test SCS_PLATFORM_ID	8
test SCS_SCHEMA_URN	2
test SCS_TABLE	6
test SCS_TYPE_NAME	21
